Player,RECEIVING REC (Projected),RECEIVING YDS (Projected),RECEIVING TDS (Projected),RUSHING ATT (Projected),RUSHING YDS (Projected),RUSHING TDS (Projected),MISC FL (Projected),MISC FPTS (Projected),G,REC PER GAME,YDS PER GAME,YBC PER GAME,AIR PER GAME,YAC PER GAME,YACON PER GAME,BRKTKL PER GAME,TGT PER GAME,CATCHABLE PER GAME,DROP PER GAME,RZ TGT PER GAME,10+ YDS PER GAME,20+ YDS PER GAME,TOTAL_REC,TOTAL_YDS,TOTAL_YBC,TOTAL_AIR,TOTAL_YAC,TOTAL_YACON,TOTAL_BRKTKL,TOTAL_TGT,TOTAL_CATCHABLE,TOTAL_DROP,TOTAL_RZ_TGT,TOTAL_10YDS,TOTAL_20YDS
Ja'Marr Chase,120.7,1577.4,12.2,1.6,12.7,0.0,0.6,231.2,17.0,7.0,100.0,54.0,90.0,46.0,17.0,1.0,10.0,8.0,1.0,2.0,4.0,1.0,119.0,1700.0,918.0,1530.0,782.0,289.0,17.0,170.0,136.0,17.0,34.0,68.0,17.0
Justin Jefferson,106.4,1480.9,9.8,0.5,2.2,0.0,0.6,205.6,17.0,6.0,90.0,62.0,98.0,29.0,7.0,0.0,9.0,6.0,0.0,1.0,3.0,2.0,102.0,1530.0,1054.0,1666.0,493.0,119.0,0.0,153.0,102.0,0.0,17.0,51.0,34.0
CeeDee Lamb,111.5,1393.7,8.0,9.2,59.4,0.3,1.0,193.2,15.0,7.0,80.0,44.0,77.0,36.0,17.0,1.0,10.0,7.0,0.0,1.0,3.0,1.0,105.0,1200.0,660.0,1155.0,540.0,255.0,15.0,150.0,105.0,0.0,15.0,45.0,15.0
Puka Nacua,104.9,1363.9,7.0,10.7,61.4,0.6,0.6,186.7,11.0,7.0,90.0,43.0,76.0,47.0,16.0,1.0,10.0,7.0,0.0,1.0,4.0,1.0,77.0,990.0,473.0,836.0,517.0,176.0,11.0,110.0,77.0,0.0,11.0,44.0,11.0
Nico Collins,92.0,1313.4,8.8,0.0,1.6,0.0,0.5,183.5,12.0,6.0,84.0,53.0,89.0,30.0,10.0,0.0,8.0,6.0,0.0,1.0,3.0,1.0,72.0,1008.0,636.0,1068.0,360.0,120.0,0.0,96.0,72.0,0.0,12.0,36.0,12.0
Malik Nabers,106.8,1339.9,8.2,2.6,12.2,0.0,0.6,183.5,15.0,7.0,80.0,49.0,103.0,31.0,14.0,1.0,11.0,8.0,1.0,1.0,3.0,1.0,105.0,1200.0,735.0,1545.0,465.0,210.0,15.0,165.0,120.0,15.0,15.0,45.0,15.0
Brian Thomas Jr.,91.8,1292.7,8.6,3.8,25.1,0.0,0.6,182.1,17.0,5.0,75.0,42.0,89.0,33.0,11.0,0.0,8.0,6.0,0.0,1.0,2.0,1.0,85.0,1275.0,714.0,1513.0,561.0,187.0,0.0,136.0,102.0,0.0,17.0,34.0,17.0
Amon-Ra St. Brown,110.4,1267.5,8.9,1.9,12.6,0.1,0.9,179.6,17.0,7.0,74.0,50.0,65.0,24.0,8.0,0.0,8.0,7.0,0.0,2.0,3.0,1.0,119.0,1258.0,850.0,1105.0,408.0,136.0,0.0,136.0,119.0,0.0,34.0,51.0,17.0
A.J. Brown,84.8,1244.5,8.4,0.0,0.0,0.0,0.9,172.8,13.0,5.0,83.0,56.0,91.0,27.0,11.0,1.0,7.0,5.0,0.0,1.0,4.0,1.0,65.0,1079.0,728.0,1183.0,351.0,143.0,13.0,91.0,65.0,0.0,13.0,52.0,13.0
Drake London,95.6,1218.6,8.2,0.3,2.0,0.0,0.6,169.9,17.0,6.0,75.0,56.0,103.0,19.0,9.0,0.0,9.0,6.0,0.0,1.0,4.0,1.0,102.0,1275.0,952.0,1751.0,323.0,153.0,0.0,153.0,102.0,0.0,17.0,68.0,17.0
Tyreek Hill,94.0,1182.1,7.7,7.2,40.3,0.1,0.6,168.2,17.0,5.0,56.0,39.0,82.0,17.0,4.0,0.0,7.0,5.0,0.0,1.0,3.0,1.0,85.0,952.0,663.0,1394.0,289.0,68.0,0.0,119.0,85.0,0.0,17.0,51.0,17.0
Mike Evans,78.8,1059.5,9.9,0.0,0.0,0.0,0.5,164.1,14.0,5.0,72.0,56.0,91.0,16.0,8.0,0.0,8.0,6.0,0.0,1.0,3.0,1.0,70.0,1008.0,784.0,1274.0,224.0,112.0,0.0,112.0,84.0,0.0,14.0,42.0,14.0
Ladd McConkey,90.5,1210.8,7.4,0.0,1.4,0.0,0.7,164.0,16.0,5.0,72.0,47.0,69.0,24.0,7.0,1.0,7.0,5.0,0.0,1.0,3.0,1.0,80.0,1152.0,752.0,1104.0,384.0,112.0,16.0,112.0,80.0,0.0,16.0,48.0,16.0
Tee Higgins,86.6,1093.8,8.9,0.0,0.0,0.0,0.9,161.1,12.0,6.0,76.0,57.0,89.0,19.0,10.0,1.0,9.0,6.0,0.0,2.0,3.0,1.0,72.0,912.0,684.0,1068.0,228.0,120.0,12.0,108.0,72.0,0.0,24.0,36.0,12.0
Terry McLaurin,83.6,1115.0,8.2,1.1,4.8,0.0,0.9,159.6,17.0,5.0,64.0,47.0,92.0,17.0,6.0,0.0,7.0,5.0,0.0,1.0,2.0,1.0,85.0,1088.0,799.0,1564.0,289.0,102.0,0.0,119.0,85.0,0.0,17.0,34.0,17.0
Davante Adams,85.4,1101.4,8.3,0.3,0.0,0.0,0.5,159.2,14.0,6.0,76.0,42.0,83.0,34.0,13.0,1.0,10.0,7.0,0.0,2.0,3.0,1.0,84.0,1064.0,588.0,1162.0,476.0,182.0,14.0,140.0,98.0,0.0,28.0,42.0,14.0
DK Metcalf,77.8,1137.6,7.3,0.0,1.2,0.0,1.3,154.9,15.0,4.0,66.0,49.0,94.0,18.0,6.0,0.0,7.0,5.0,0.0,0.0,3.0,1.0,60.0,990.0,735.0,1410.0,270.0,90.0,0.0,105.0,75.0,0.0,0.0,45.0,15.0
Marvin Harrison Jr.,79.6,1098.7,7.7,0.0,3.2,0.0,1.0,154.5,17.0,4.0,52.0,43.0,91.0,9.0,3.0,0.0,7.0,4.0,0.0,1.0,2.0,1.0,68.0,884.0,731.0,1547.0,153.0,51.0,0.0,119.0,68.0,0.0,17.0,34.0,17.0
Jaxon Smith-Njigba,94.7,1120.6,6.6,2.6,20.5,0.0,0.6,152.8,17.0,6.0,66.0,38.0,70.0,28.0,8.0,0.0,8.0,6.0,0.0,1.0,3.0,1.0,102.0,1122.0,646.0,1190.0,476.0,136.0,0.0,136.0,102.0,0.0,17.0,51.0,17.0
Xavier Worthy,70.6,872.4,7.1,15.7,84.6,1.5,0.5,146.4,17.0,3.0,38.0,14.0,53.0,24.0,5.0,0.0,6.0,4.0,0.0,1.0,2.0,0.0,51.0,646.0,238.0,901.0,408.0,85.0,0.0,102.0,68.0,0.0,17.0,34.0,0.0
Zay Flowers,74.9,1028.6,6.3,8.2,48.4,0.1,0.5,145.2,17.0,4.0,62.0,35.0,68.0,27.0,8.0,0.0,7.0,5.0,0.0,0.0,3.0,1.0,68.0,1054.0,595.0,1156.0,459.0,136.0,0.0,119.0,85.0,0.0,0.0,51.0,17.0
Garrett Wilson,91.7,1095.9,6.0,1.9,13.5,0.0,1.3,144.6,17.0,6.0,65.0,39.0,82.0,26.0,9.0,0.0,9.0,6.0,0.0,1.0,3.0,1.0,102.0,1105.0,663.0,1394.0,442.0,153.0,0.0,153.0,102.0,0.0,17.0,51.0,17.0
Courtland Sutton,76.7,1016.2,7.4,0.0,0.2,0.0,0.9,144.3,17.0,5.0,64.0,53.0,106.0,11.0,2.0,0.0,8.0,5.0,1.0,1.0,3.0,1.0,85.0,1088.0,901.0,1802.0,187.0,34.0,0.0,136.0,85.0,17.0,17.0,51.0,17.0
DJ Moore,86.7,1007.3,6.3,9.5,54.0,0.1,0.9,142.7,17.0,6.0,57.0,22.0,62.0,35.0,8.0,0.0,8.0,6.0,0.0,1.0,2.0,1.0,102.0,969.0,374.0,1054.0,595.0,136.0,0.0,136.0,102.0,0.0,17.0,34.0,17.0
Calvin Ridley,70.1,1026.9,6.0,5.6,33.4,0.3,0.9,141.9,17.0,4.0,60.0,46.0,108.0,14.0,5.0,0.0,7.0,4.0,0.0,0.0,2.0,1.0,68.0,1020.0,782.0,1836.0,238.0,85.0,0.0,119.0,68.0,0.0,0.0,34.0,17.0
Jameson Williams,60.4,958.3,6.0,7.4,63.4,0.8,0.5,141.7,15.0,4.0,67.0,34.0,68.0,33.0,3.0,0.0,6.0,4.0,0.0,1.0,2.0,1.0,60.0,1005.0,510.0,1020.0,495.0,45.0,0.0,90.0,60.0,0.0,15.0,30.0,15.0
DeVonta Smith,81.2,977.5,6.8,0.3,1.2,0.0,0.5,137.7,13.0,5.0,64.0,41.0,63.0,23.0,4.0,0.0,7.0,5.0,0.0,1.0,2.0,1.0,65.0,832.0,533.0,819.0,299.0,52.0,0.0,91.0,65.0,0.0,13.0,26.0,13.0
George Pickens,68.4,1001.3,6.4,1.0,6.2,0.0,0.9,137.3,14.0,4.0,64.0,49.0,98.0,15.0,7.0,0.0,7.0,5.0,0.0,1.0,2.0,1.0,56.0,896.0,686.0,1372.0,210.0,98.0,0.0,98.0,70.0,0.0,14.0,28.0,14.0
Deebo Samuel Sr.,65.1,834.2,5.1,30.1,127.9,1.2,1.0,132.2,15.0,3.0,45.0,17.0,36.0,28.0,14.0,1.0,5.0,4.0,0.0,1.0,2.0,1.0,45.0,675.0,255.0,540.0,420.0,210.0,15.0,75.0,60.0,0.0,15.0,30.0,15.0
Jerry Jeudy,80.8,1081.2,4.1,0.3,4.8,0.0,0.6,131.8,17.0,5.0,72.0,50.0,95.0,23.0,3.0,0.0,9.0,6.0,1.0,1.0,3.0,1.0,85.0,1224.0,850.0,1615.0,391.0,51.0,0.0,153.0,102.0,17.0,17.0,51.0,17.0
Jakobi Meyers,82.4,966.4,5.3,1.2,8.9,0.0,0.5,128.5,15.0,6.0,68.0,49.0,82.0,20.0,6.0,0.0,9.0,6.0,0.0,1.0,3.0,1.0,90.0,1020.0,735.0,1230.0,300.0,90.0,0.0,135.0,90.0,0.0,15.0,45.0,15.0
Jauan Jennings,71.1,939.0,5.5,3.6,15.7,0.1,0.6,127.8,15.0,5.0,65.0,49.0,75.0,16.0,7.0,0.0,8.0,5.0,0.0,1.0,3.0,1.0,75.0,975.0,735.0,1125.0,240.0,105.0,0.0,120.0,75.0,0.0,15.0,45.0,15.0
Jaylen Waddle,75.5,964.8,4.9,2.5,15.9,0.1,0.5,126.6,16.0,4.0,47.0,32.0,52.0,15.0,3.0,0.0,5.0,4.0,1.0,1.0,2.0,1.0,64.0,752.0,512.0,832.0,240.0,48.0,0.0,80.0,64.0,16.0,16.0,32.0,16.0
Tetairoa McMillan,71.9,927.4,5.5,0.5,7.4,0.0,1.2,123.9,N/A,N/A,N/A,N/A,N/A,N/A,N/A,N/A,N/A,N/A,N/A,N/A,N/A,N/A,N/A,N/A,N/A,N/A,N/A,N/A,N/A,N/A,N/A,N/A,N/A,N/A,N/A
Jayden Reed,58.2,779.7,5.5,11.8,93.7,0.7,0.9,123.1,17.0,3.0,50.0,28.0,40.0,22.0,5.0,0.0,4.0,4.0,1.0,1.0,1.0,1.0,51.0,850.0,476.0,680.0,374.0,85.0,0.0,68.0,68.0,17.0,17.0,17.0,17.0
Rashee Rice,72.9,854.2,6.1,1.1,4.5,0.0,0.6,121.4,4.0,6.0,72.0,26.0,39.0,47.0,16.0,1.0,7.0,6.0,0.0,1.0,3.0,1.0,24.0,288.0,104.0,156.0,188.0,64.0,4.0,28.0,24.0,0.0,4.0,12.0,4.0
Travis Hunter,68.4,887.2,5.2,3.8,21.8,0.1,0.8,121.2,N/A,N/A,N/A,N/A,N/A,N/A,N/A,N/A,N/A,N/A,N/A,N/A,N/A,N/A,N/A,N/A,N/A,N/A,N/A,N/A,N/A,N/A,N/A,N/A,N/A,N/A,N/A
Ricky Pearsall,61.5,835.1,5.2,7.0,50.0,0.3,0.6,120.3,11.0,3.0,36.0,26.0,48.0,10.0,2.0,0.0,4.0,3.0,0.0,1.0,1.0,0.0,33.0,396.0,286.0,528.0,110.0,22.0,0.0,44.0,33.0,0.0,11.0,11.0,0.0
Matthew Golden,60.9,847.2,6.0,0.5,9.4,0.0,0.8,120.0,N/A,N/A,N/A,N/A,N/A,N/A,N/A,N/A,N/A,N/A,N/A,N/A,N/A,N/A,N/A,N/A,N/A,N/A,N/A,N/A,N/A,N/A,N/A,N/A,N/A,N/A,N/A
Chris Godwin,75.0,862.3,5.6,1.2,6.9,0.0,0.6,119.6,7.0,7.0,82.0,32.0,51.0,50.0,18.0,1.0,9.0,7.0,0.0,1.0,3.0,1.0,49.0,574.0,224.0,357.0,350.0,126.0,7.0,63.0,49.0,0.0,7.0,21.0,7.0
Rome Odunze,65.6,880.0,5.4,1.3,8.0,0.0,0.9,119.2,17.0,3.0,43.0,28.0,82.0,15.0,4.0,0.0,6.0,4.0,0.0,1.0,2.0,0.0,51.0,731.0,476.0,1394.0,255.0,68.0,0.0,102.0,68.0,0.0,17.0,34.0,0.0
Chris Olave,76.4,946.2,4.4,0.3,2.8,0.0,1.3,118.6,8.0,4.0,50.0,35.0,57.0,15.0,4.0,0.0,6.0,4.0,0.0,1.0,2.0,1.0,32.0,400.0,280.0,456.0,120.0,32.0,0.0,48.0,32.0,0.0,8.0,16.0,8.0
Keon Coleman,52.4,822.4,6.1,0.3,3.8,0.0,0.5,118.3,13.0,2.0,43.0,26.0,67.0,17.0,10.0,0.0,4.0,3.0,0.0,1.0,2.0,1.0,26.0,559.0,338.0,871.0,221.0,130.0,0.0,52.0,39.0,0.0,13.0,26.0,13.0
Jordan Addison,60.9,799.9,6.0,1.2,11.2,0.3,0.4,117.7,15.0,4.0,58.0,44.0,86.0,14.0,5.0,0.0,7.0,4.0,0.0,1.0,2.0,1.0,60.0,870.0,660.0,1290.0,210.0,75.0,0.0,105.0,60.0,0.0,15.0,30.0,15.0
Stefon Diggs,77.4,850.3,5.1,1.3,6.9,0.2,0.5,116.8,8.0,6.0,62.0,39.0,70.0,23.0,7.0,0.0,8.0,6.0,0.0,1.0,3.0,1.0,48.0,496.0,312.0,560.0,184.0,56.0,0.0,64.0,48.0,0.0,8.0,24.0,8.0
Cooper Kupp,73.3,818.3,5.4,1.3,8.9,0.0,0.6,113.9,12.0,6.0,59.0,37.0,65.0,22.0,5.0,0.0,8.0,6.0,0.0,1.0,2.0,1.0,72.0,708.0,444.0,780.0,264.0,60.0,0.0,96.0,72.0,0.0,12.0,24.0,12.0
Rashid Shaheed,56.4,846.1,4.4,7.3,44.5,0.1,1.3,113.8,6.0,3.0,58.0,41.0,120.0,18.0,1.0,0.0,7.0,4.0,0.0,0.0,2.0,1.0,18.0,348.0,246.0,720.0,108.0,6.0,0.0,42.0,24.0,0.0,0.0,12.0,6.0
Khalil Shakir,71.6,812.4,4.9,0.3,3.0,0.0,0.6,109.9,15.0,5.0,55.0,15.0,37.0,40.0,13.0,0.0,7.0,5.0,0.0,1.0,2.0,1.0,75.0,825.0,225.0,555.0,600.0,195.0,0.0,105.0,75.0,0.0,15.0,30.0,15.0
Darnell Mooney,59.2,828.5,4.6,0.0,1.2,0.0,0.5,109.5,16.0,4.0,62.0,45.0,83.0,17.0,5.0,0.0,7.0,4.0,0.0,0.0,3.0,1.0,64.0,992.0,720.0,1328.0,272.0,80.0,0.0,112.0,64.0,0.0,0.0,48.0,16.0
Michael Pittman Jr.,71.9,852.4,4.0,0.0,1.8,0.0,0.9,107.3,16.0,4.0,51.0,34.0,79.0,16.0,7.0,0.0,7.0,4.0,0.0,1.0,2.0,1.0,64.0,816.0,544.0,1264.0,256.0,112.0,0.0,112.0,64.0,0.0,16.0,32.0,16.0
Marvin Mims Jr.,51.2,696.5,5.4,11.9,49.4,0.1,0.6,106.5,17.0,2.0,30.0,2.0,24.0,28.0,5.0,0.0,3.0,2.0,0.0,0.0,1.0,0.0,34.0,510.0,34.0,408.0,476.0,85.0,0.0,51.0,34.0,0.0,0.0,17.0,0.0
Rashod Bateman,45.5,691.5,5.5,0.0,0.6,0.0,0.1,102.3,17.0,3.0,44.0,34.0,58.0,11.0,2.0,0.0,4.0,3.0,0.0,0.0,2.0,1.0,51.0,748.0,578.0,986.0,187.0,34.0,0.0,68.0,51.0,0.0,0.0,34.0,17.0
Josh Downs,62.9,737.4,4.3,0.3,7.0,0.0,0.5,99.4,14.0,5.0,57.0,29.0,55.0,28.0,7.0,0.0,8.0,6.0,0.0,1.0,3.0,1.0,70.0,798.0,406.0,770.0,392.0,98.0,0.0,112.0,84.0,0.0,14.0,42.0,14.0
Marquise Brown,54.8,674.4,4.4,0.3,2.0,0.0,0.2,93.9,2.0,5.0,46.0,23.0,62.0,23.0,2.0,0.0,8.0,5.0,0.0,1.0,3.0,1.0,10.0,92.0,46.0,124.0,46.0,4.0,0.0,16.0,10.0,0.0,2.0,6.0,2.0
Keenan Allen,55.6,641.3,4.8,0.3,2.0,0.0,0.6,91.9,15.0,5.0,50.0,34.0,74.0,16.0,3.0,0.0,8.0,5.0,0.0,1.0,2.0,1.0,75.0,750.0,510.0,1110.0,240.0,45.0,0.0,120.0,75.0,0.0,15.0,30.0,15.0
Adam Thielen,61.8,657.9,4.5,0.0,1.8,0.0,0.5,91.7,10.0,5.0,62.0,46.0,68.0,15.0,4.0,0.0,6.0,5.0,0.0,1.0,2.0,1.0,50.0,620.0,460.0,680.0,150.0,40.0,0.0,60.0,50.0,0.0,10.0,20.0,10.0
Cedric Tillman,55.6,690.9,3.9,0.7,0.8,0.0,0.9,90.5,11.0,3.0,31.0,21.0,50.0,9.0,4.0,0.0,4.0,3.0,0.0,0.0,1.0,1.0,33.0,341.0,231.0,550.0,99.0,44.0,0.0,44.0,33.0,0.0,0.0,11.0,11.0
Emeka Egbuka,49.1,635.1,4.4,2.2,11.1,0.0,1.1,89.3,N/A,N/A,N/A,N/A,N/A,N/A,N/A,N/A,N/A,N/A,N/A,N/A,N/A,N/A,N/A,N/A,N/A,N/A,N/A,N/A,N/A,N/A,N/A,N/A,N/A,N/A,N/A
Xavier Legette,54.3,613.2,3.9,6.2,29.0,0.1,0.5,86.9,16.0,3.0,31.0,24.0,65.0,7.0,3.0,0.0,5.0,4.0,0.0,1.0,1.0,0.0,48.0,496.0,384.0,1040.0,112.0,48.0,0.0,80.0,64.0,0.0,16.0,16.0,0.0
Jayden Higgins,47.2,631.9,3.7,0.7,4.0,0.0,0.5,85.1,N/A,N/A,N/A,N/A,N/A,N/A,N/A,N/A,N/A,N/A,N/A,N/A,N/A,N/A,N/A,N/A,N/A,N/A,N/A,N/A,N/A,N/A,N/A,N/A,N/A,N/A,N/A
Christian Kirk,50.6,649.5,3.5,0.7,4.0,0.0,0.8,84.7,8.0,3.0,47.0,33.0,81.0,14.0,5.0,0.0,6.0,4.0,0.0,1.0,2.0,1.0,24.0,376.0,264.0,648.0,112.0,40.0,0.0,48.0,32.0,0.0,8.0,16.0,8.0
Romeo Doubs,45.2,575.2,4.3,0.0,0.5,0.0,0.5,82.3,13.0,4.0,46.0,36.0,68.0,10.0,4.0,0.0,6.0,4.0,1.0,1.0,2.0,1.0,52.0,598.0,468.0,884.0,130.0,52.0,0.0,78.0,52.0,13.0,13.0,26.0,13.0
Brandon Aiyuk,41.9,633.8,3.3,0.0,1.0,0.0,0.4,82.1,7.0,4.0,53.0,38.0,82.0,15.0,8.0,0.0,7.0,4.0,1.0,1.0,2.0,1.0,28.0,371.0,266.0,574.0,105.0,56.0,0.0,49.0,28.0,7.0,7.0,14.0,7.0
Wan'Dale Robinson,69.1,622.9,3.1,2.0,15.6,0.0,0.5,81.7,17.0,5.0,41.0,20.0,40.0,21.0,8.0,1.0,8.0,6.0,0.0,1.0,1.0,0.0,85.0,697.0,340.0,680.0,357.0,136.0,17.0,136.0,102.0,0.0,17.0,17.0,0.0
Luther Burden III,47.0,569.6,3.4,3.7,27.4,0.4,1.1,79.8,N/A,N/A,N/A,N/A,N/A,N/A,N/A,N/A,N/A,N/A,N/A,N/A,N/A,N/A,N/A,N/A,N/A,N/A,N/A,N/A,N/A,N/A,N/A,N/A,N/A,N/A,N/A
Joshua Palmer,42.0,587.7,3.5,0.0,0.5,0.0,0.1,79.8,15.0,3.0,39.0,32.0,66.0,7.0,2.0,0.0,4.0,3.0,0.0,0.0,2.0,1.0,45.0,585.0,480.0,990.0,105.0,30.0,0.0,60.0,45.0,0.0,0.0,30.0,15.0
Tyler Lockett,49.6,578.7,3.5,0.0,0.0,0.0,0.1,78.5,17.0,3.0,35.0,27.0,46.0,8.0,2.0,0.0,4.0,3.0,0.0,1.0,1.0,0.0,51.0,595.0,459.0,782.0,136.0,34.0,0.0,68.0,51.0,0.0,17.0,17.0,0.0
Michael Wilson,43.8,525.0,3.9,1.9,8.9,0.1,0.5,76.4,16.0,3.0,34.0,26.0,51.0,8.0,3.0,0.0,4.0,3.0,0.0,0.0,1.0,1.0,48.0,544.0,416.0,816.0,128.0,48.0,0.0,64.0,48.0,0.0,0.0,16.0,16.0
DeMario Douglas,54.6,575.4,2.8,2.1,15.7,0.0,0.2,75.7,17.0,4.0,37.0,15.0,30.0,21.0,5.0,0.0,5.0,4.0,0.0,0.0,1.0,0.0,68.0,629.0,255.0,510.0,357.0,85.0,0.0,85.0,68.0,0.0,0.0,17.0,0.0
Jack Bech,45.9,574.4,2.9,1.0,4.3,0.0,0.8,74.0,N/A,N/A,N/A,N/A,N/A,N/A,N/A,N/A,N/A,N/A,N/A,N/A,N/A,N/A,N/A,N/A,N/A,N/A,N/A,N/A,N/A,N/A,N/A,N/A,N/A,N/A,N/A
Tre' Harris,40.8,544.9,3.4,0.7,3.8,0.0,0.7,74.0,N/A,N/A,N/A,N/A,N/A,N/A,N/A,N/A,N/A,N/A,N/A,N/A,N/A,N/A,N/A,N/A,N/A,N/A,N/A,N/A,N/A,N/A,N/A,N/A,N/A,N/A,N/A
Calvin Austin III,39.6,528.8,3.4,2.3,11.8,0.1,0.5,73.7,17.0,2.0,32.0,23.0,42.0,9.0,2.0,0.0,3.0,2.0,0.0,0.0,1.0,1.0,34.0,544.0,391.0,714.0,153.0,34.0,0.0,51.0,34.0,0.0,0.0,17.0,17.0
Alec Pierce,29.3,528.9,3.3,0.0,0.0,0.0,0.1,72.6,16.0,2.0,52.0,44.0,93.0,7.0,2.0,0.0,4.0,3.0,0.0,0.0,2.0,1.0,32.0,832.0,704.0,1488.0,112.0,32.0,0.0,64.0,48.0,0.0,0.0,32.0,16.0
Jalen McMillan,35.5,445.9,4.3,2.3,18.7,0.0,0.5,71.4,13.0,3.0,35.0,25.0,54.0,10.0,2.0,0.0,4.0,3.0,0.0,1.0,2.0,1.0,39.0,455.0,325.0,702.0,130.0,26.0,0.0,52.0,39.0,0.0,13.0,26.0,13.0
Quentin Johnston,34.9,458.8,4.1,1.7,7.2,0.0,0.4,70.8,15.0,4.0,47.0,27.0,66.0,20.0,6.0,1.0,6.0,4.0,0.0,1.0,2.0,1.0,60.0,705.0,405.0,990.0,300.0,90.0,15.0,90.0,60.0,0.0,15.0,30.0,15.0
Diontae Johnson,43.0,526.9,2.7,0.0,2.3,0.0,0.7,68.0,11.0,3.0,34.0,26.0,66.0,8.0,2.0,0.0,6.0,3.0,0.0,1.0,2.0,0.0,33.0,374.0,286.0,726.0,88.0,22.0,0.0,66.0,33.0,0.0,11.0,22.0,0.0
Kyle Williams,38.8,492.5,2.9,2.1,13.3,0.0,0.4,67.3,N/A,N/A,N/A,N/A,N/A,N/A,N/A,N/A,N/A,N/A,N/A,N/A,N/A,N/A,N/A,N/A,N/A,N/A,N/A,N/A,N/A,N/A,N/A,N/A,N/A,N/A,N/A
Dyami Brown,39.4,502.3,2.8,0.7,6.8,0.0,0.5,66.8,15.0,2.0,21.0,6.0,19.0,15.0,5.0,0.0,3.0,2.0,0.0,0.0,1.0,0.0,30.0,315.0,90.0,285.0,225.0,75.0,0.0,45.0,30.0,0.0,0.0,15.0,0.0
Jalen Nailor,32.9,430.3,3.9,1.8,4.1,0.0,0.4,66.1,17.0,2.0,24.0,18.0,28.0,6.0,2.0,0.0,2.0,2.0,0.0,0.0,1.0,0.0,34.0,408.0,306.0,476.0,102.0,34.0,0.0,34.0,34.0,0.0,0.0,17.0,0.0
Darius Slayton,34.1,511.3,2.4,1.4,6.1,0.0,0.2,66.1,16.0,2.0,36.0,28.0,58.0,8.0,5.0,0.0,4.0,3.0,0.0,0.0,2.0,1.0,32.0,576.0,448.0,928.0,128.0,80.0,0.0,64.0,48.0,0.0,0.0,32.0,16.0
Tutu Atwell,39.1,497.9,2.2,4.3,20.2,0.1,0.1,65.3,17.0,2.0,33.0,26.0,41.0,7.0,1.0,0.0,4.0,3.0,0.0,0.0,1.0,1.0,34.0,561.0,442.0,697.0,119.0,17.0,0.0,68.0,51.0,0.0,0.0,17.0,17.0
Brandin Cooks,40.1,459.8,3.1,1.7,3.8,0.0,0.1,65.0,10.0,3.0,26.0,20.0,63.0,6.0,1.0,0.0,5.0,3.0,0.0,1.0,1.0,0.0,30.0,260.0,200.0,630.0,60.0,10.0,0.0,50.0,30.0,0.0,10.0,10.0,0.0
DeAndre Hopkins,32.0,416.4,3.9,0.0,0.5,0.0,0.1,64.9,16.0,4.0,38.0,31.0,53.0,7.0,2.0,0.0,5.0,4.0,0.0,1.0,2.0,0.0,64.0,608.0,496.0,848.0,112.0,32.0,0.0,80.0,64.0,0.0,16.0,32.0,0.0
Nick Westbrook-Ikhine,31.4,427.0,3.7,0.0,1.3,0.0,0.1,64.6,14.0,2.0,36.0,27.0,49.0,9.0,2.0,0.0,4.0,3.0,0.0,1.0,1.0,0.0,28.0,504.0,378.0,686.0,126.0,28.0,0.0,56.0,42.0,0.0,14.0,14.0,0.0
Josh Reynolds,35.0,460.6,2.9,0.0,0.0,0.0,0.1,62.9,8.0,2.0,24.0,20.0,33.0,4.0,2.0,0.0,3.0,2.0,0.0,0.0,1.0,1.0,16.0,192.0,160.0,264.0,32.0,16.0,0.0,24.0,16.0,0.0,0.0,8.0,8.0
Ray-Ray McCloud III,40.2,434.3,2.3,7.8,53.1,0.2,1.2,61.0,17.0,4.0,40.0,21.0,35.0,20.0,7.0,0.0,5.0,4.0,0.0,0.0,2.0,0.0,68.0,680.0,357.0,595.0,340.0,119.0,0.0,85.0,68.0,0.0,0.0,34.0,0.0
Jalen Tolbert,34.3,400.6,3.5,0.0,0.0,0.0,0.1,60.9,17.0,3.0,36.0,26.0,53.0,10.0,2.0,0.0,5.0,3.0,0.0,1.0,1.0,0.0,51.0,612.0,442.0,901.0,170.0,34.0,0.0,85.0,51.0,0.0,17.0,17.0,0.0
Tre Tucker,30.3,388.5,2.3,5.6,31.5,0.3,0.1,57.6,17.0,3.0,32.0,19.0,60.0,12.0,3.0,0.0,5.0,3.0,0.0,0.0,1.0,0.0,51.0,544.0,323.0,1020.0,204.0,51.0,0.0,85.0,51.0,0.0,0.0,17.0,0.0
Andrei Iosivas,30.4,363.3,3.4,0.0,0.0,0.0,0.1,56.6,17.0,2.0,28.0,24.0,40.0,4.0,1.0,0.0,4.0,2.0,0.0,1.0,1.0,0.0,34.0,476.0,408.0,680.0,68.0,17.0,0.0,68.0,34.0,0.0,17.0,17.0,0.0
Marquez Valdes-Scantling,24.2,402.7,2.3,2.6,10.0,0.1,0.0,55.7,13.0,1.0,32.0,21.0,59.0,11.0,2.0,0.0,3.0,2.0,0.0,0.0,1.0,1.0,13.0,416.0,273.0,767.0,143.0,26.0,0.0,39.0,26.0,0.0,0.0,13.0,13.0
Jordan Whittington,34.1,397.6,2.4,1.1,13.9,0.0,0.1,55.6,15.0,1.0,20.0,6.0,7.0,14.0,2.0,0.0,2.0,1.0,0.0,0.0,1.0,0.0,15.0,300.0,90.0,105.0,210.0,30.0,0.0,30.0,15.0,0.0,0.0,15.0,0.0
Jalen Coker,32.9,428.6,2.1,0.0,2.3,0.0,0.1,55.5,11.0,3.0,43.0,28.0,47.0,16.0,3.0,0.0,4.0,3.0,0.0,1.0,2.0,1.0,33.0,473.0,308.0,517.0,176.0,33.0,0.0,44.0,33.0,0.0,11.0,22.0,11.0
Tory Horton,33.5,426.7,2.1,1.0,8.7,0.0,0.7,54.4,N/A,N/A,N/A,N/A,N/A,N/A,N/A,N/A,N/A,N/A,N/A,N/A,N/A,N/A,N/A,N/A,N/A,N/A,N/A,N/A,N/A,N/A,N/A,N/A,N/A,N/A,N/A
Dont'e Thornton Jr.,29.1,393.3,2.3,0.0,3.0,0.0,0.1,53.0,N/A,N/A,N/A,N/A,N/A,N/A,N/A,N/A,N/A,N/A,N/A,N/A,N/A,N/A,N/A,N/A,N/A,N/A,N/A,N/A,N/A,N/A,N/A,N/A,N/A,N/A,N/A
Dontayvion Wicks,27.5,346.4,3.0,0.0,1.3,0.0,0.0,52.8,17.0,2.0,24.0,16.0,48.0,8.0,3.0,0.0,4.0,3.0,1.0,1.0,1.0,0.0,34.0,408.0,272.0,816.0,136.0,51.0,0.0,68.0,51.0,17.0,17.0,17.0,0.0
Pat Bryant,30.7,375.6,2.6,0.0,0.0,0.0,0.1,52.7,N/A,N/A,N/A,N/A,N/A,N/A,N/A,N/A,N/A,N/A,N/A,N/A,N/A,N/A,N/A,N/A,N/A,N/A,N/A,N/A,N/A,N/A,N/A,N/A,N/A,N/A,N/A
Adonai Mitchell,26.6,368.5,2.3,2.5,11.5,0.1,0.2,51.9,17.0,1.0,18.0,12.0,45.0,6.0,2.0,0.0,3.0,2.0,0.0,0.0,1.0,0.0,17.0,306.0,204.0,765.0,102.0,34.0,0.0,51.0,34.0,0.0,0.0,17.0,0.0
Noah Brown,31.8,406.4,1.9,0.0,0.0,0.0,0.1,51.8,11.0,3.0,41.0,34.0,60.0,8.0,3.0,0.0,5.0,4.0,0.0,0.0,2.0,0.0,33.0,451.0,374.0,660.0,88.0,33.0,0.0,55.0,44.0,0.0,0.0,22.0,0.0
Christian Watson,19.9,366.6,2.3,4.3,17.0,0.0,0.4,51.6,15.0,2.0,41.0,31.0,63.0,10.0,1.0,0.0,4.0,2.0,0.0,1.0,1.0,1.0,30.0,615.0,465.0,945.0,150.0,15.0,0.0,60.0,30.0,0.0,15.0,15.0,15.0
Russell Gage Jr.,31.4,360.5,2.5,0.0,0.0,0.0,0.0,51.0,N/A,N/A,N/A,N/A,N/A,N/A,N/A,N/A,N/A,N/A,N/A,N/A,N/A,N/A,N/A,N/A,N/A,N/A,N/A,N/A,N/A,N/A,N/A,N/A,N/A,N/A,N/A
Troy Franklin,27.2,342.5,2.7,1.1,5.8,0.0,0.1,50.9,16.0,2.0,16.0,6.0,43.0,10.0,2.0,0.0,3.0,2.0,0.0,0.0,1.0,0.0,32.0,256.0,96.0,688.0,160.0,32.0,0.0,48.0,32.0,0.0,0.0,16.0,0.0
Allen Lazard,27.5,353.8,2.5,0.0,0.0,0.0,0.1,50.1,12.0,3.0,44.0,31.0,57.0,13.0,6.0,0.0,5.0,4.0,1.0,1.0,2.0,1.0,36.0,528.0,372.0,684.0,156.0,72.0,0.0,60.0,48.0,12.0,12.0,24.0,12.0
Jaylin Noel,27.2,326.9,2.3,0.0,13.0,0.0,0.1,47.6,N/A,N/A,N/A,N/A,N/A,N/A,N/A,N/A,N/A,N/A,N/A,N/A,N/A,N/A,N/A,N/A,N/A,N/A,N/A,N/A,N/A,N/A,N/A,N/A,N/A,N/A,N/A
Elic Ayomanor,28.6,336.3,2.2,0.0,7.5,0.0,0.1,47.4,N/A,N/A,N/A,N/A,N/A,N/A,N/A,N/A,N/A,N/A,N/A,N/A,N/A,N/A,N/A,N/A,N/A,N/A,N/A,N/A,N/A,N/A,N/A,N/A,N/A,N/A,N/A
K.J. Osborn,28.7,318.5,2.5,0.0,0.0,0.0,0.0,46.8,7.0,1.0,8.0,6.0,15.0,2.0,0.0,0.0,3.0,1.0,0.0,0.0,0.0,0.0,7.0,56.0,42.0,105.0,14.0,0.0,0.0,21.0,7.0,0.0,0.0,0.0,0.0
Curtis Samuel,27.0,271.5,2.5,6.6,29.3,0.1,0.1,45.4,14.0,2.0,18.0,7.0,15.0,11.0,2.0,0.0,3.0,2.0,0.0,0.0,1.0,0.0,28.0,252.0,98.0,210.0,154.0,28.0,0.0,42.0,28.0,0.0,0.0,14.0,0.0
Tai Felton,24.8,298.9,2.3,0.0,3.7,0.0,0.0,44.2,N/A,N/A,N/A,N/A,N/A,N/A,N/A,N/A,N/A,N/A,N/A,N/A,N/A,N/A,N/A,N/A,N/A,N/A,N/A,N/A,N/A,N/A,N/A,N/A,N/A,N/A,N/A
Anthony Miller,25.3,289.4,2.5,0.0,0.0,0.0,0.0,44.1,N/A,N/A,N/A,N/A,N/A,N/A,N/A,N/A,N/A,N/A,N/A,N/A,N/A,N/A,N/A,N/A,N/A,N/A,N/A,N/A,N/A,N/A,N/A,N/A,N/A,N/A,N/A
Kayshon Boutte,22.5,301.7,2.0,0.0,0.0,0.0,0.0,42.0,15.0,3.0,39.0,29.0,66.0,10.0,3.0,0.0,5.0,3.0,0.0,0.0,1.0,1.0,45.0,585.0,435.0,990.0,150.0,45.0,0.0,75.0,45.0,0.0,0.0,15.0,15.0
Greg Dortch,27.1,269.3,2.0,4.8,30.6,0.1,0.4,41.8,17.0,2.0,20.0,3.0,12.0,17.0,6.0,0.0,3.0,2.0,0.0,0.0,1.0,0.0,34.0,340.0,51.0,204.0,289.0,102.0,0.0,51.0,34.0,0.0,0.0,17.0,0.0
Van Jefferson,23.5,300.4,1.9,0.0,0.0,0.0,0.1,41.0,15.0,2.0,18.0,13.0,31.0,5.0,1.0,0.0,3.0,2.0,0.0,1.0,1.0,0.0,30.0,270.0,195.0,465.0,75.0,15.0,0.0,45.0,30.0,0.0,15.0,15.0,0.0
Ja'Lynn Polk,24.7,298.7,1.8,0.0,0.0,0.0,0.0,40.7,15.0,1.0,6.0,5.0,25.0,1.0,0.0,0.0,2.0,1.0,0.0,0.0,0.0,0.0,15.0,90.0,75.0,375.0,15.0,0.0,0.0,30.0,15.0,0.0,0.0,0.0,0.0
Malik Washington,27.5,288.9,1.8,2.0,13.8,0.1,0.6,40.4,14.0,2.0,16.0,7.0,15.0,9.0,2.0,0.0,3.0,2.0,0.0,0.0,1.0,0.0,28.0,224.0,98.0,210.0,126.0,28.0,0.0,42.0,28.0,0.0,0.0,14.0,0.0
Devaughn Vele,24.9,275.6,2.1,0.0,1.7,0.0,0.1,40.1,13.0,3.0,37.0,27.0,35.0,10.0,3.0,0.0,4.0,3.0,0.0,1.0,1.0,1.0,39.0,481.0,351.0,455.0,130.0,39.0,0.0,52.0,39.0,0.0,13.0,13.0,13.0
Roman Wilson,21.8,276.6,1.9,0.0,0.0,0.0,0.1,39.0,N/A,N/A,N/A,N/A,N/A,N/A,N/A,N/A,N/A,N/A,N/A,N/A,N/A,N/A,N/A,N/A,N/A,N/A,N/A,N/A,N/A,N/A,N/A,N/A,N/A,N/A,N/A
Tim Patrick,20.5,258.1,2.0,0.0,0.0,0.0,0.1,37.6,16.0,2.0,25.0,16.0,27.0,9.0,3.0,0.0,3.0,2.0,0.0,1.0,1.0,0.0,32.0,400.0,256.0,432.0,144.0,48.0,0.0,48.0,32.0,0.0,16.0,16.0,0.0
Demarcus Robinson,15.8,251.1,2.0,0.0,1.0,0.0,0.1,37.1,17.0,2.0,30.0,26.0,54.0,4.0,1.0,0.0,4.0,2.0,0.0,1.0,1.0,1.0,34.0,510.0,442.0,918.0,68.0,17.0,0.0,68.0,34.0,0.0,17.0,17.0,17.0
Skyy Moore,22.3,267.1,1.7,0.0,0.0,0.0,0.0,36.6,N/A,N/A,N/A,N/A,N/A,N/A,N/A,N/A,N/A,N/A,N/A,N/A,N/A,N/A,N/A,N/A,N/A,N/A,N/A,N/A,N/A,N/A,N/A,N/A,N/A,N/A,N/A
KaVontae Turpin,16.8,204.0,1.4,8.5,58.6,0.5,0.7,36.3,17.0,2.0,25.0,9.0,26.0,15.0,4.0,0.0,3.0,2.0,0.0,0.0,1.0,0.0,34.0,425.0,153.0,442.0,255.0,68.0,0.0,51.0,34.0,0.0,0.0,17.0,0.0
Parker Washington,24.7,261.7,1.6,0.0,8.5,0.0,0.1,36.3,17.0,2.0,23.0,17.0,34.0,6.0,4.0,0.0,3.0,2.0,0.0,0.0,1.0,0.0,34.0,391.0,289.0,578.0,102.0,68.0,0.0,51.0,34.0,0.0,0.0,17.0,0.0
Jermaine Burton,18.1,239.7,2.0,0.0,2.0,0.0,0.1,35.7,14.0,0.0,8.0,6.0,21.0,2.0,1.0,0.0,1.0,0.0,0.0,0.0,0.0,0.0,0.0,112.0,84.0,294.0,28.0,14.0,0.0,14.0,0.0,0.0,0.0,0.0,0.0
Chimere Dike,18.9,246.0,1.6,2.1,8.9,0.0,0.1,35.1,N/A,N/A,N/A,N/A,N/A,N/A,N/A,N/A,N/A,N/A,N/A,N/A,N/A,N/A,N/A,N/A,N/A,N/A,N/A,N/A,N/A,N/A,N/A,N/A,N/A,N/A,N/A
Tyler Johnson,20.6,217.8,1.6,0.0,0.0,0.0,0.0,31.4,11.0,2.0,26.0,10.0,21.0,17.0,13.0,0.0,4.0,2.0,0.0,1.0,1.0,0.0,22.0,286.0,110.0,231.0,187.0,143.0,0.0,44.0,22.0,0.0,11.0,11.0,0.0
JuJu Smith-Schuster,19.4,211.0,1.5,0.0,0.0,0.0,0.1,29.8,14.0,1.0,17.0,5.0,10.0,11.0,2.0,0.0,2.0,1.0,0.0,0.0,1.0,0.0,14.0,238.0,70.0,140.0,154.0,28.0,0.0,28.0,14.0,0.0,0.0,14.0,0.0
Luke McCaffrey,19.4,203.1,1.5,0.0,1.0,0.0,0.1,29.0,17.0,1.0,10.0,4.0,10.0,6.0,1.0,0.0,1.0,1.0,0.0,0.0,0.0,0.0,17.0,170.0,68.0,170.0,102.0,17.0,0.0,17.0,17.0,0.0,0.0,0.0,0.0
Jalen Royals,15.7,188.1,1.4,0.0,2.5,0.0,0.0,27.4,N/A,N/A,N/A,N/A,N/A,N/A,N/A,N/A,N/A,N/A,N/A,N/A,N/A,N/A,N/A,N/A,N/A,N/A,N/A,N/A,N/A,N/A,N/A,N/A,N/A,N/A,N/A
Kendrick Bourne,17.6,199.6,1.1,1.1,6.8,0.0,0.1,27.0,12.0,2.0,25.0,18.0,29.0,8.0,3.0,0.0,3.0,3.0,0.0,0.0,1.0,0.0,24.0,300.0,216.0,348.0,96.0,36.0,0.0,36.0,36.0,0.0,0.0,12.0,0.0
A.T. Perry,13.7,180.5,1.5,0.0,0.0,0.0,0.0,26.9,N/A,N/A,N/A,N/A,N/A,N/A,N/A,N/A,N/A,N/A,N/A,N/A,N/A,N/A,N/A,N/A,N/A,N/A,N/A,N/A,N/A,N/A,N/A,N/A,N/A,N/A,N/A
Robert Woods,18.4,192.9,1.2,0.0,0.0,0.0,0.1,26.5,14.0,1.0,15.0,9.0,21.0,5.0,1.0,0.0,2.0,2.0,0.0,0.0,1.0,0.0,14.0,210.0,126.0,294.0,70.0,14.0,0.0,28.0,28.0,0.0,0.0,14.0,0.0
Zay Jones,16.8,179.7,1.3,0.0,2.0,0.0,0.1,25.6,11.0,1.0,8.0,6.0,9.0,2.0,1.0,0.0,1.0,1.0,0.0,0.0,0.0,0.0,11.0,88.0,66.0,99.0,22.0,11.0,0.0,11.0,11.0,0.0,0.0,0.0,0.0
Kalif Raymond,14.7,185.7,1.2,0.0,4.0,0.0,0.6,24.9,12.0,1.0,18.0,7.0,15.0,11.0,1.0,0.0,2.0,1.0,0.0,0.0,1.0,0.0,12.0,216.0,84.0,180.0,132.0,12.0,0.0,24.0,12.0,0.0,0.0,12.0,0.0
Jahan Dotson,15.4,178.4,1.1,0.0,1.7,0.0,0.0,24.8,17.0,1.0,13.0,8.0,19.0,4.0,1.0,0.0,2.0,1.0,0.0,0.0,1.0,0.0,17.0,221.0,136.0,323.0,68.0,17.0,0.0,34.0,17.0,0.0,0.0,17.0,0.0
Elijah Moore,14.5,159.6,1.2,0.0,1.3,0.0,0.0,23.4,17.0,4.0,32.0,24.0,59.0,8.0,2.0,0.0,6.0,4.0,0.0,0.0,1.0,0.0,68.0,544.0,408.0,1003.0,136.0,34.0,0.0,102.0,68.0,0.0,0.0,17.0,0.0
Jalin Hyatt,13.1,174.0,0.9,0.0,0.0,0.0,0.0,22.8,16.0,1.0,4.0,4.0,23.0,0.0,0.0,0.0,1.0,1.0,0.0,0.0,0.0,0.0,16.0,64.0,64.0,368.0,0.0,0.0,0.0,16.0,16.0,0.0,0.0,0.0,0.0
Isaac TeSlaa,10.7,155.2,1.1,0.0,0.0,0.0,0.0,22.3,N/A,N/A,N/A,N/A,N/A,N/A,N/A,N/A,N/A,N/A,N/A,N/A,N/A,N/A,N/A,N/A,N/A,N/A,N/A,N/A,N/A,N/A,N/A,N/A,N/A,N/A,N/A
Malachi Corley,13.8,147.0,0.9,2.3,13.5,0.1,0.1,21.9,7.0,0.0,2.0,2.0,7.0,1.0,0.0,0.0,1.0,0.0,0.0,0.0,0.0,0.0,0.0,14.0,14.0,49.0,7.0,0.0,0.0,7.0,0.0,0.0,0.0,0.0,0.0
Xavier Hutchinson,14.0,152.0,1.0,0.0,0.0,0.0,0.0,21.0,16.0,1.0,7.0,5.0,16.0,2.0,1.0,0.0,2.0,1.0,0.0,0.0,0.0,0.0,16.0,112.0,80.0,256.0,32.0,16.0,0.0,32.0,16.0,0.0,0.0,0.0,0.0
Michael Gallup,11.6,130.8,1.0,0.0,0.0,0.0,0.0,19.2,N/A,N/A,N/A,N/A,N/A,N/A,N/A,N/A,N/A,N/A,N/A,N/A,N/A,N/A,N/A,N/A,N/A,N/A,N/A,N/A,N/A,N/A,N/A,N/A,N/A,N/A,N/A
Jake Bobo,11.8,138.2,0.9,0.0,0.0,0.0,0.0,19.0,17.0,1.0,6.0,5.0,8.0,2.0,0.0,0.0,1.0,1.0,0.0,0.0,0.0,0.0,17.0,102.0,85.0,136.0,34.0,0.0,0.0,17.0,17.0,0.0,0.0,0.0,0.0
Jaylin Lane,10.4,120.0,0.8,2.2,13.5,0.1,0.1,18.7,N/A,N/A,N/A,N/A,N/A,N/A,N/A,N/A,N/A,N/A,N/A,N/A,N/A,N/A,N/A,N/A,N/A,N/A,N/A,N/A,N/A,N/A,N/A,N/A,N/A,N/A,N/A
Irvin Charles,12.4,132.6,0.9,0.0,0.0,0.0,0.0,18.6,N/A,N/A,N/A,N/A,N/A,N/A,N/A,N/A,N/A,N/A,N/A,N/A,N/A,N/A,N/A,N/A,N/A,N/A,N/A,N/A,N/A,N/A,N/A,N/A,N/A,N/A,N/A
DJ Chark Jr.,9.4,128.2,0.9,0.0,0.0,0.0,0.0,18.4,4.0,1.0,8.0,6.0,29.0,2.0,1.0,0.0,3.0,1.0,0.0,1.0,0.0,0.0,4.0,32.0,24.0,116.0,8.0,4.0,0.0,12.0,4.0,0.0,4.0,0.0,0.0
Arian Smith,11.2,134.3,0.7,0.0,3.5,0.0,0.0,17.8,N/A,N/A,N/A,N/A,N/A,N/A,N/A,N/A,N/A,N/A,N/A,N/A,N/A,N/A,N/A,N/A,N/A,N/A,N/A,N/A,N/A,N/A,N/A,N/A,N/A,N/A,N/A
Jha'Quan Jackson,11.4,138.2,0.8,0.0,1.7,0.0,0.5,17.7,N/A,N/A,N/A,N/A,N/A,N/A,N/A,N/A,N/A,N/A,N/A,N/A,N/A,N/A,N/A,N/A,N/A,N/A,N/A,N/A,N/A,N/A,N/A,N/A,N/A,N/A,N/A
Savion Williams,9.1,104.8,0.8,4.4,16.4,0.1,0.0,17.5,N/A,N/A,N/A,N/A,N/A,N/A,N/A,N/A,N/A,N/A,N/A,N/A,N/A,N/A,N/A,N/A,N/A,N/A,N/A,N/A,N/A,N/A,N/A,N/A,N/A,N/A,N/A
Tim Jones,10.5,116.5,1.0,0.0,0.0,0.0,0.1,17.3,8.0,0.0,5.0,3.0,5.0,2.0,0.0,0.0,1.0,0.0,0.0,0.0,0.0,0.0,0.0,40.0,24.0,40.0,16.0,0.0,0.0,8.0,0.0,0.0,0.0,0.0,0.0
Mack Hollins,9.2,115.4,0.9,0.0,1.7,0.0,0.1,17.1,17.0,2.0,22.0,17.0,33.0,5.0,1.0,0.0,3.0,2.0,0.0,0.0,1.0,0.0,34.0,374.0,289.0,561.0,85.0,17.0,0.0,51.0,34.0,0.0,0.0,17.0,0.0
Erik Ezukanma,10.8,120.8,0.8,0.0,0.0,0.0,0.0,16.8,N/A,N/A,N/A,N/A,N/A,N/A,N/A,N/A,N/A,N/A,N/A,N/A,N/A,N/A,N/A,N/A,N/A,N/A,N/A,N/A,N/A,N/A,N/A,N/A,N/A,N/A,N/A
Xavier Restrepo,10.0,105.0,1.0,0.0,2.0,0.0,0.0,16.7,N/A,N/A,N/A,N/A,N/A,N/A,N/A,N/A,N/A,N/A,N/A,N/A,N/A,N/A,N/A,N/A,N/A,N/A,N/A,N/A,N/A,N/A,N/A,N/A,N/A,N/A,N/A
KhaDarel Hodge,9.1,117.0,0.7,0.0,0.0,0.0,0.1,15.5,16.0,0.0,8.0,3.0,8.0,6.0,0.0,0.0,1.0,1.0,0.0,0.0,0.0,0.0,0.0,128.0,48.0,128.0,96.0,0.0,0.0,16.0,16.0,0.0,0.0,0.0,0.0
DeAndre Carter,10.8,125.2,0.5,0.0,2.0,0.0,0.5,14.5,13.0,1.0,6.0,3.0,12.0,2.0,2.0,0.0,1.0,1.0,0.0,0.0,0.0,0.0,13.0,78.0,39.0,156.0,26.0,26.0,0.0,13.0,13.0,0.0,0.0,0.0,0.0
Tylan Wallace,6.7,90.0,0.9,0.0,1.7,0.0,0.0,14.3,17.0,1.0,11.0,4.0,4.0,8.0,5.0,0.0,1.0,1.0,0.0,0.0,0.0,0.0,17.0,187.0,68.0,68.0,136.0,85.0,0.0,17.0,17.0,0.0,0.0,0.0,0.0
Simi Fehoko,7.6,91.5,0.7,0.0,0.0,0.0,0.0,13.1,6.0,1.0,18.0,15.0,39.0,3.0,1.0,0.0,3.0,1.0,0.0,0.0,1.0,0.0,6.0,108.0,90.0,234.0,18.0,6.0,0.0,18.0,6.0,0.0,0.0,6.0,0.0
Jamal Agnew,8.5,85.8,0.7,0.0,0.0,0.0,0.0,12.8,N/A,N/A,N/A,N/A,N/A,N/A,N/A,N/A,N/A,N/A,N/A,N/A,N/A,N/A,N/A,N/A,N/A,N/A,N/A,N/A,N/A,N/A,N/A,N/A,N/A,N/A,N/A
Cedrick Wilson Jr.,8.2,92.7,0.5,0.0,2.0,0.0,0.0,12.5,15.0,1.0,14.0,8.0,13.0,6.0,2.0,0.0,2.0,2.0,0.0,0.0,1.0,0.0,15.0,210.0,120.0,195.0,90.0,30.0,0.0,30.0,30.0,0.0,0.0,15.0,0.0
Olamide Zaccheaus,7.6,81.7,0.6,1.1,6.0,0.0,0.0,12.4,17.0,3.0,30.0,13.0,24.0,17.0,5.0,0.0,4.0,3.0,0.0,0.0,1.0,0.0,51.0,510.0,221.0,408.0,289.0,85.0,0.0,68.0,51.0,0.0,0.0,17.0,0.0
Hunter Renfrow,9.3,90.1,0.4,0.0,0.0,0.0,0.0,11.5,N/A,N/A,N/A,N/A,N/A,N/A,N/A,N/A,N/A,N/A,N/A,N/A,N/A,N/A,N/A,N/A,N/A,N/A,N/A,N/A,N/A,N/A,N/A,N/A,N/A,N/A,N/A
KeAndre Lambert-Smith,5.9,77.7,0.6,0.0,3.0,0.0,0.0,11.4,N/A,N/A,N/A,N/A,N/A,N/A,N/A,N/A,N/A,N/A,N/A,N/A,N/A,N/A,N/A,N/A,N/A,N/A,N/A,N/A,N/A,N/A,N/A,N/A,N/A,N/A,N/A
Devontez Walker,4.9,68.5,0.6,0.0,1.7,0.0,0.0,10.8,N/A,N/A,N/A,N/A,N/A,N/A,N/A,N/A,N/A,N/A,N/A,N/A,N/A,N/A,N/A,N/A,N/A,N/A,N/A,N/A,N/A,N/A,N/A,N/A,N/A,N/A,N/A
Bo Melton,6.2,73.9,0.6,0.0,0.0,0.0,0.0,10.7,17.0,0.0,5.0,5.0,18.0,0.0,0.0,0.0,1.0,0.0,0.0,0.0,0.0,0.0,0.0,85.0,85.0,306.0,0.0,0.0,0.0,17.0,0.0,0.0,0.0,0.0,0.0
Ben Skowronek,6.5,72.2,0.5,0.0,0.0,0.0,0.0,10.3,10.0,1.0,7.0,4.0,4.0,3.0,1.0,0.0,1.0,1.0,0.0,0.0,0.0,0.0,10.0,70.0,40.0,40.0,30.0,10.0,0.0,10.0,10.0,0.0,0.0,0.0,0.0
Maurice Alexander,6.3,68.1,0.4,0.0,0.0,0.0,0.0,9.3,N/A,N/A,N/A,N/A,N/A,N/A,N/A,N/A,N/A,N/A,N/A,N/A,N/A,N/A,N/A,N/A,N/A,N/A,N/A,N/A,N/A,N/A,N/A,N/A,N/A,N/A,N/A
Samori Toure,6.1,67.6,0.4,0.0,0.0,0.0,0.0,9.2,N/A,N/A,N/A,N/A,N/A,N/A,N/A,N/A,N/A,N/A,N/A,N/A,N/A,N/A,N/A,N/A,N/A,N/A,N/A,N/A,N/A,N/A,N/A,N/A,N/A,N/A,N/A
Dante Pettis,6.0,69.4,0.2,2.1,9.7,0.0,0.0,9.1,8.0,2.0,15.0,11.0,35.0,5.0,2.0,0.0,4.0,2.0,0.0,0.0,1.0,0.0,16.0,120.0,88.0,280.0,40.0,16.0,0.0,32.0,16.0,0.0,0.0,8.0,0.0
David Moore,5.8,72.3,0.3,0.0,0.0,0.0,0.0,9.0,17.0,2.0,21.0,17.0,36.0,4.0,2.0,0.0,3.0,2.0,0.0,1.0,1.0,0.0,34.0,357.0,289.0,612.0,68.0,34.0,0.0,51.0,34.0,0.0,17.0,17.0,0.0
Bub Means,5.7,64.7,0.4,0.0,0.0,0.0,0.0,9.0,7.0,1.0,17.0,14.0,24.0,3.0,2.0,0.0,2.0,1.0,0.0,0.0,1.0,0.0,7.0,119.0,98.0,168.0,21.0,14.0,0.0,14.0,7.0,0.0,0.0,7.0,0.0
Xavier Weaver,5.2,61.3,0.5,0.0,0.0,0.0,0.0,9.0,N/A,N/A,N/A,N/A,N/A,N/A,N/A,N/A,N/A,N/A,N/A,N/A,N/A,N/A,N/A,N/A,N/A,N/A,N/A,N/A,N/A,N/A,N/A,N/A,N/A,N/A,N/A
Malik Heath,5.5,62.2,0.5,0.0,0.0,0.0,0.0,8.9,12.0,1.0,8.0,6.0,7.0,2.0,1.0,0.0,1.0,1.0,0.0,0.0,0.0,0.0,12.0,96.0,72.0,84.0,24.0,12.0,0.0,12.0,12.0,0.0,0.0,0.0,0.0
Tommy Mellott,3.7,43.6,0.2,4.0,24.1,0.2,0.0,8.8,N/A,N/A,N/A,N/A,N/A,N/A,N/A,N/A,N/A,N/A,N/A,N/A,N/A,N/A,N/A,N/A,N/A,N/A,N/A,N/A,N/A,N/A,N/A,N/A,N/A,N/A,N/A
Johnny Wilson,4.4,55.4,0.4,0.0,0.0,0.0,0.0,8.1,16.0,0.0,2.0,1.0,9.0,1.0,0.0,0.0,1.0,0.0,0.0,0.0,0.0,0.0,0.0,32.0,16.0,144.0,16.0,0.0,0.0,16.0,0.0,0.0,0.0,0.0,0.0
Justin Watson,4.4,60.1,0.3,0.0,0.0,0.0,0.0,7.7,16.0,1.0,18.0,14.0,30.0,4.0,0.0,0.0,2.0,2.0,0.0,0.0,1.0,0.0,16.0,288.0,224.0,480.0,64.0,0.0,0.0,32.0,32.0,0.0,0.0,16.0,0.0
Derius Davis,2.8,31.2,0.1,10.5,35.4,0.2,0.6,7.5,15.0,1.0,7.0,0.0,4.0,8.0,1.0,0.0,1.0,1.0,0.0,0.0,0.0,0.0,15.0,105.0,0.0,60.0,120.0,15.0,0.0,15.0,15.0,0.0,0.0,0.0,0.0
Charlie Jones,4.0,46.4,0.3,0.0,1.7,0.0,0.0,6.4,N/A,N/A,N/A,N/A,N/A,N/A,N/A,N/A,N/A,N/A,N/A,N/A,N/A,N/A,N/A,N/A,N/A,N/A,N/A,N/A,N/A,N/A,N/A,N/A,N/A,N/A,N/A
Kendric Pryor,3.9,41.7,0.3,0.0,0.0,0.0,0.0,6.2,N/A,N/A,N/A,N/A,N/A,N/A,N/A,N/A,N/A,N/A,N/A,N/A,N/A,N/A,N/A,N/A,N/A,N/A,N/A,N/A,N/A,N/A,N/A,N/A,N/A,N/A,N/A
Jonathan Mingo,4.2,49.8,0.2,0.0,0.0,0.0,0.0,6.2,16.0,1.0,10.0,6.0,27.0,4.0,1.0,0.0,3.0,1.0,0.0,0.0,0.0,0.0,16.0,160.0,96.0,432.0,64.0,16.0,0.0,48.0,16.0,0.0,0.0,0.0,0.0
Trishton Jackson,3.4,40.6,0.3,0.0,0.0,0.0,0.0,6.1,N/A,N/A,N/A,N/A,N/A,N/A,N/A,N/A,N/A,N/A,N/A,N/A,N/A,N/A,N/A,N/A,N/A,N/A,N/A,N/A,N/A,N/A,N/A,N/A,N/A,N/A,N/A
Jordan Watkins,2.6,33.4,0.1,4.4,15.8,0.1,0.0,6.1,N/A,N/A,N/A,N/A,N/A,N/A,N/A,N/A,N/A,N/A,N/A,N/A,N/A,N/A,N/A,N/A,N/A,N/A,N/A,N/A,N/A,N/A,N/A,N/A,N/A,N/A,N/A
Chris Blair,3.6,38.8,0.3,0.0,0.0,0.0,0.0,5.4,N/A,N/A,N/A,N/A,N/A,N/A,N/A,N/A,N/A,N/A,N/A,N/A,N/A,N/A,N/A,N/A,N/A,N/A,N/A,N/A,N/A,N/A,N/A,N/A,N/A,N/A,N/A
Dareke Young,3.4,39.8,0.2,0.0,0.0,0.0,0.0,5.4,N/A,N/A,N/A,N/A,N/A,N/A,N/A,N/A,N/A,N/A,N/A,N/A,N/A,N/A,N/A,N/A,N/A,N/A,N/A,N/A,N/A,N/A,N/A,N/A,N/A,N/A,N/A
Cody White,3.4,39.8,0.2,0.0,0.0,0.0,0.0,5.4,N/A,N/A,N/A,N/A,N/A,N/A,N/A,N/A,N/A,N/A,N/A,N/A,N/A,N/A,N/A,N/A,N/A,N/A,N/A,N/A,N/A,N/A,N/A,N/A,N/A,N/A,N/A
Jalen Brooks,3.4,39.1,0.2,0.0,0.0,0.0,0.0,5.3,14.0,1.0,13.0,10.0,29.0,3.0,1.0,0.0,2.0,1.0,0.0,0.0,1.0,0.0,14.0,182.0,140.0,406.0,42.0,14.0,0.0,28.0,14.0,0.0,0.0,14.0,0.0
John Metchie III,3.5,39.4,0.2,0.0,0.0,0.0,0.0,5.2,13.0,2.0,20.0,14.0,26.0,5.0,1.0,0.0,3.0,2.0,0.0,1.0,1.0,0.0,26.0,260.0,182.0,338.0,65.0,13.0,0.0,39.0,26.0,0.0,13.0,13.0,0.0
Bryce Oliver,3.4,38.2,0.2,0.0,0.0,0.0,0.0,5.1,10.0,1.0,10.0,7.0,10.0,3.0,1.0,0.0,1.0,1.0,0.0,0.0,0.0,0.0,10.0,100.0,70.0,100.0,30.0,10.0,0.0,10.0,10.0,0.0,0.0,0.0,0.0
Sterling Shepard,3.4,33.4,0.2,0.0,3.7,0.0,0.0,5.0,14.0,2.0,24.0,17.0,34.0,7.0,2.0,0.0,4.0,3.0,0.0,0.0,1.0,0.0,28.0,336.0,238.0,476.0,98.0,28.0,0.0,56.0,42.0,0.0,0.0,14.0,0.0
Austin Trammell,3.4,40.1,0.2,0.0,0.0,0.0,0.0,5.0,N/A,N/A,N/A,N/A,N/A,N/A,N/A,N/A,N/A,N/A,N/A,N/A,N/A,N/A,N/A,N/A,N/A,N/A,N/A,N/A,N/A,N/A,N/A,N/A,N/A,N/A,N/A
Xavier Gipson,4.2,54.3,0.0,0.0,2.5,0.0,0.5,4.9,17.0,0.0,2.0,1.0,7.0,1.0,0.0,0.0,1.0,0.0,0.0,0.0,0.0,0.0,0.0,34.0,17.0,119.0,17.0,0.0,0.0,17.0,0.0,0.0,0.0,0.0,0.0
Britain Covey,1.8,21.0,0.1,2.2,13.7,0.1,0.0,4.8,5.0,1.0,7.0,1.0,2.0,6.0,1.0,0.0,2.0,2.0,0.0,0.0,0.0,0.0,5.0,35.0,5.0,10.0,30.0,5.0,0.0,10.0,10.0,0.0,0.0,0.0,0.0
Dee Eskridge,3.0,32.8,0.2,0.0,1.7,0.0,0.0,4.7,6.0,1.0,7.0,3.0,3.0,5.0,1.0,0.0,1.0,1.0,0.0,0.0,0.0,0.0,6.0,42.0,18.0,18.0,30.0,6.0,0.0,6.0,6.0,0.0,0.0,0.0,0.0
Jamari Thrash,3.4,40.0,0.1,0.0,0.0,0.0,0.0,4.5,9.0,0.0,2.0,1.0,6.0,2.0,1.0,0.0,1.0,1.0,0.0,0.0,0.0,0.0,0.0,18.0,9.0,54.0,18.0,9.0,0.0,9.0,9.0,0.0,0.0,0.0,0.0
Lil'Jordan Humphrey,4.0,44.0,0.0,0.0,0.0,0.0,0.0,4.4,14.0,2.0,21.0,7.0,21.0,14.0,4.0,0.0,3.0,2.0,0.0,0.0,1.0,0.0,28.0,294.0,98.0,294.0,196.0,56.0,0.0,42.0,28.0,0.0,0.0,14.0,0.0
Brycen Tremayne,3.0,33.0,0.2,0.0,0.0,0.0,0.0,4.3,N/A,N/A,N/A,N/A,N/A,N/A,N/A,N/A,N/A,N/A,N/A,N/A,N/A,N/A,N/A,N/A,N/A,N/A,N/A,N/A,N/A,N/A,N/A,N/A,N/A,N/A,N/A
Scotty Miller,3.1,37.4,0.1,0.0,0.0,0.0,0.0,4.2,13.0,0.0,5.0,3.0,8.0,3.0,2.0,0.0,1.0,0.0,0.0,0.0,0.0,0.0,0.0,65.0,39.0,104.0,39.0,26.0,0.0,13.0,0.0,0.0,0.0,0.0,0.0
David Bell,3.9,38.8,0.0,0.0,0.0,0.0,0.0,4.0,1.0,3.0,27.0,19.0,19.0,8.0,6.0,0.0,3.0,3.0,0.0,1.0,1.0,0.0,3.0,27.0,19.0,19.0,8.0,6.0,0.0,3.0,3.0,0.0,1.0,1.0,0.0
Tyler Scott,2.7,29.4,0.1,0.0,1.7,0.0,0.0,3.9,N/A,N/A,N/A,N/A,N/A,N/A,N/A,N/A,N/A,N/A,N/A,N/A,N/A,N/A,N/A,N/A,N/A,N/A,N/A,N/A,N/A,N/A,N/A,N/A,N/A,N/A,N/A
Devin Duvernay,3.5,34.5,0.2,0.0,2.0,0.0,0.5,3.8,13.0,1.0,6.0,1.0,14.0,5.0,1.0,0.0,1.0,1.0,0.0,0.0,0.0,0.0,13.0,78.0,13.0,182.0,65.0,13.0,0.0,13.0,13.0,0.0,0.0,0.0,0.0
Mecole Hardman Jr.,3.0,33.6,0.2,0.0,2.0,0.0,0.5,3.8,12.0,1.0,8.0,-1.0,-1.0,8.0,1.0,0.0,1.0,1.0,0.0,0.0,0.0,0.0,12.0,96.0,-12.0,-12.0,96.0,12.0,0.0,12.0,12.0,0.0,0.0,0.0,0.0
Nick Nash,3.0,35.0,0.0,0.0,0.0,0.0,0.0,3.5,N/A,N/A,N/A,N/A,N/A,N/A,N/A,N/A,N/A,N/A,N/A,N/A,N/A,N/A,N/A,N/A,N/A,N/A,N/A,N/A,N/A,N/A,N/A,N/A,N/A,N/A,N/A
Ainias Smith,2.2,24.7,0.1,0.0,0.0,0.0,0.0,3.3,7.0,1.0,6.0,3.0,2.0,3.0,0.0,0.0,1.0,1.0,0.0,0.0,0.0,0.0,7.0,42.0,21.0,14.0,21.0,0.0,0.0,7.0,7.0,0.0,0.0,0.0,0.0
Rondale Moore,2.0,21.0,0.0,0.0,11.0,0.0,0.0,3.2,N/A,N/A,N/A,N/A,N/A,N/A,N/A,N/A,N/A,N/A,N/A,N/A,N/A,N/A,N/A,N/A,N/A,N/A,N/A,N/A,N/A,N/A,N/A,N/A,N/A,N/A,N/A
Jacob Cowing,1.1,15.6,0.1,0.0,8.5,0.0,0.0,2.9,15.0,0.0,5.0,4.0,5.0,2.0,0.0,0.0,0.0,0.0,0.0,0.0,0.0,0.0,0.0,75.0,60.0,75.0,30.0,0.0,0.0,0.0,0.0,0.0,0.0,0.0,0.0
Ryan Flournoy,1.9,20.7,0.1,0.0,0.0,0.0,0.0,2.9,11.0,1.0,9.0,6.0,10.0,3.0,1.0,0.0,1.0,1.0,0.0,0.0,1.0,0.0,11.0,99.0,66.0,110.0,33.0,11.0,0.0,11.0,11.0,0.0,0.0,11.0,0.0
Anthony Gould,1.7,22.4,0.0,0.0,2.5,0.0,0.0,2.7,N/A,N/A,N/A,N/A,N/A,N/A,N/A,N/A,N/A,N/A,N/A,N/A,N/A,N/A,N/A,N/A,N/A,N/A,N/A,N/A,N/A,N/A,N/A,N/A,N/A,N/A,N/A
Laviska Shenault Jr.,1.8,19.5,0.1,0.0,0.0,0.0,0.0,2.7,10.0,1.0,4.0,-1.0,-1.0,5.0,2.0,0.0,1.0,1.0,0.0,0.0,0.0,0.0,10.0,40.0,-10.0,-10.0,50.0,20.0,0.0,10.0,10.0,0.0,0.0,0.0,0.0
Ashton Dulin,1.6,19.6,0.1,0.0,1.7,0.0,0.0,2.6,15.0,0.0,4.0,2.0,10.0,3.0,1.0,0.0,1.0,0.0,0.0,0.0,0.0,0.0,0.0,60.0,30.0,150.0,45.0,15.0,0.0,15.0,0.0,0.0,0.0,0.0,0.0
Trent Sherfield Sr.,1.8,20.9,0.1,0.0,0.0,0.0,0.0,2.6,15.0,1.0,6.0,3.0,5.0,3.0,0.0,0.0,1.0,1.0,0.0,0.0,0.0,0.0,15.0,90.0,45.0,75.0,45.0,0.0,0.0,15.0,15.0,0.0,0.0,0.0,0.0
Isaiah Williams,1.6,18.4,0.1,0.0,0.0,0.0,0.0,2.5,N/A,N/A,N/A,N/A,N/A,N/A,N/A,N/A,N/A,N/A,N/A,N/A,N/A,N/A,N/A,N/A,N/A,N/A,N/A,N/A,N/A,N/A,N/A,N/A,N/A,N/A,N/A
Steven Sims Jr.,1.7,17.9,0.1,0.0,0.0,0.0,0.0,2.5,N/A,N/A,N/A,N/A,N/A,N/A,N/A,N/A,N/A,N/A,N/A,N/A,N/A,N/A,N/A,N/A,N/A,N/A,N/A,N/A,N/A,N/A,N/A,N/A,N/A,N/A,N/A
Tank Dell,2.0,24.0,0.0,0.0,0.0,0.0,0.0,2.4,14.0,4.0,48.0,36.0,72.0,12.0,3.0,0.0,6.0,4.0,0.0,1.0,2.0,1.0,56.0,672.0,504.0,1008.0,168.0,42.0,0.0,84.0,56.0,0.0,14.0,28.0,14.0
Isaiah Neyor,2.0,24.0,0.0,0.0,0.0,0.0,0.0,2.4,N/A,N/A,N/A,N/A,N/A,N/A,N/A,N/A,N/A,N/A,N/A,N/A,N/A,N/A,N/A,N/A,N/A,N/A,N/A,N/A,N/A,N/A,N/A,N/A,N/A,N/A,N/A
Miles Boykin,1.6,17.9,0.1,0.0,0.0,0.0,0.0,2.3,N/A,N/A,N/A,N/A,N/A,N/A,N/A,N/A,N/A,N/A,N/A,N/A,N/A,N/A,N/A,N/A,N/A,N/A,N/A,N/A,N/A,N/A,N/A,N/A,N/A,N/A,N/A
Zach Pascal,1.5,17.8,0.1,0.0,0.0,0.0,0.0,2.3,N/A,N/A,N/A,N/A,N/A,N/A,N/A,N/A,N/A,N/A,N/A,N/A,N/A,N/A,N/A,N/A,N/A,N/A,N/A,N/A,N/A,N/A,N/A,N/A,N/A,N/A,N/A
Tez Johnson,1.6,19.7,0.1,0.0,0.0,0.0,0.0,2.3,N/A,N/A,N/A,N/A,N/A,N/A,N/A,N/A,N/A,N/A,N/A,N/A,N/A,N/A,N/A,N/A,N/A,N/A,N/A,N/A,N/A,N/A,N/A,N/A,N/A,N/A,N/A
Jimmy Horn Jr.,1.5,18.0,0.0,0.0,0.0,0.0,0.0,1.8,N/A,N/A,N/A,N/A,N/A,N/A,N/A,N/A,N/A,N/A,N/A,N/A,N/A,N/A,N/A,N/A,N/A,N/A,N/A,N/A,N/A,N/A,N/A,N/A,N/A,N/A,N/A
Tyquan Thornton,1.0,16.0,0.0,0.0,0.0,0.0,0.0,1.6,4.0,1.0,12.0,6.0,32.0,6.0,4.0,0.0,2.0,1.0,0.0,0.0,1.0,0.0,4.0,48.0,24.0,128.0,24.0,16.0,0.0,8.0,4.0,0.0,0.0,4.0,0.0
Trey Palmer,0.9,9.8,0.1,0.0,0.0,0.0,0.0,1.5,15.0,1.0,11.0,9.0,21.0,3.0,1.0,0.0,1.0,1.0,0.0,0.0,1.0,0.0,15.0,165.0,135.0,315.0,45.0,15.0,0.0,15.0,15.0,0.0,0.0,15.0,0.0
Jason Brownlee,1.0,14.0,0.0,0.0,0.0,0.0,0.0,1.4,N/A,N/A,N/A,N/A,N/A,N/A,N/A,N/A,N/A,N/A,N/A,N/A,N/A,N/A,N/A,N/A,N/A,N/A,N/A,N/A,N/A,N/A,N/A,N/A,N/A,N/A,N/A
Nikko Remigio,0.9,11.6,0.0,0.0,0.0,0.0,0.0,1.4,5.0,0.0,10.0,7.0,13.0,3.0,1.0,0.0,1.0,1.0,0.0,0.0,0.0,0.0,0.0,50.0,35.0,65.0,15.0,5.0,0.0,5.0,5.0,0.0,0.0,0.0,0.0
Braxton Berrios,1.0,10.5,0.0,0.0,2.5,0.0,0.0,1.3,8.0,0.0,0.0,0.0,3.0,0.0,0.0,0.0,1.0,0.0,0.0,0.0,0.0,0.0,0.0,0.0,0.0,24.0,0.0,0.0,0.0,8.0,0.0,0.0,0.0,0.0,0.0
Chris Moore,1.0,13.0,0.0,0.0,0.0,0.0,0.0,1.3,N/A,N/A,N/A,N/A,N/A,N/A,N/A,N/A,N/A,N/A,N/A,N/A,N/A,N/A,N/A,N/A,N/A,N/A,N/A,N/A,N/A,N/A,N/A,N/A,N/A,N/A,N/A
LaJohntay Wester,1.0,12.0,0.0,0.0,0.0,0.0,0.0,1.2,N/A,N/A,N/A,N/A,N/A,N/A,N/A,N/A,N/A,N/A,N/A,N/A,N/A,N/A,N/A,N/A,N/A,N/A,N/A,N/A,N/A,N/A,N/A,N/A,N/A,N/A,N/A
Casey Washington,0.8,8.2,0.1,0.0,0.0,0.0,0.0,1.2,N/A,N/A,N/A,N/A,N/A,N/A,N/A,N/A,N/A,N/A,N/A,N/A,N/A,N/A,N/A,N/A,N/A,N/A,N/A,N/A,N/A,N/A,N/A,N/A,N/A,N/A,N/A
Ihmir Smith-Marsette,0.8,9.5,0.1,0.0,2.5,0.0,0.5,0.5,N/A,N/A,N/A,N/A,N/A,N/A,N/A,N/A,N/A,N/A,N/A,N/A,N/A,N/A,N/A,N/A,N/A,N/A,N/A,N/A,N/A,N/A,N/A,N/A,N/A,N/A,N/A
Trenton Irwin,0.0,0.0,0.0,0.0,5.0,0.0,0.0,0.5,6.0,1.0,3.0,2.0,10.0,1.0,0.0,0.0,2.0,1.0,0.0,1.0,0.0,0.0,6.0,18.0,12.0,60.0,6.0,0.0,0.0,12.0,6.0,0.0,6.0,0.0,0.0
Xavier Smith,1.0,11.0,0.0,0.0,2.5,0.0,0.5,0.4,N/A,N/A,N/A,N/A,N/A,N/A,N/A,N/A,N/A,N/A,N/A,N/A,N/A,N/A,N/A,N/A,N/A,N/A,N/A,N/A,N/A,N/A,N/A,N/A,N/A,N/A,N/A
Tom Kennedy,0.0,0.0,0.0,0.0,0.0,0.0,0.0,0.0,N/A,N/A,N/A,N/A,N/A,N/A,N/A,N/A,N/A,N/A,N/A,N/A,N/A,N/A,N/A,N/A,N/A,N/A,N/A,N/A,N/A,N/A,N/A,N/A,N/A,N/A,N/A
Mason Kinsey,0.0,0.0,0.0,0.0,0.0,0.0,0.0,0.0,N/A,N/A,N/A,N/A,N/A,N/A,N/A,N/A,N/A,N/A,N/A,N/A,N/A,N/A,N/A,N/A,N/A,N/A,N/A,N/A,N/A,N/A,N/A,N/A,N/A,N/A,N/A
Laquon Treadwell,0.0,0.0,0.0,0.0,0.0,0.0,0.0,0.0,N/A,N/A,N/A,N/A,N/A,N/A,N/A,N/A,N/A,N/A,N/A,N/A,N/A,N/A,N/A,N/A,N/A,N/A,N/A,N/A,N/A,N/A,N/A,N/A,N/A,N/A,N/A
Trent Taylor,0.0,0.0,0.0,0.0,0.0,0.0,0.0,0.0,N/A,N/A,N/A,N/A,N/A,N/A,N/A,N/A,N/A,N/A,N/A,N/A,N/A,N/A,N/A,N/A,N/A,N/A,N/A,N/A,N/A,N/A,N/A,N/A,N/A,N/A,N/A
Keith Kirkwood,0.0,0.0,0.0,0.0,0.0,0.0,0.0,0.0,N/A,N/A,N/A,N/A,N/A,N/A,N/A,N/A,N/A,N/A,N/A,N/A,N/A,N/A,N/A,N/A,N/A,N/A,N/A,N/A,N/A,N/A,N/A,N/A,N/A,N/A,N/A
Phillip Dorsett II,0.0,0.0,0.0,0.0,0.0,0.0,0.0,0.0,N/A,N/A,N/A,N/A,N/A,N/A,N/A,N/A,N/A,N/A,N/A,N/A,N/A,N/A,N/A,N/A,N/A,N/A,N/A,N/A,N/A,N/A,N/A,N/A,N/A,N/A,N/A
Equanimeous St. Brown,0.0,0.0,0.0,0.0,0.0,0.0,0.0,0.0,N/A,N/A,N/A,N/A,N/A,N/A,N/A,N/A,N/A,N/A,N/A,N/A,N/A,N/A,N/A,N/A,N/A,N/A,N/A,N/A,N/A,N/A,N/A,N/A,N/A,N/A,N/A
